pcap_path,size_bytes,parse_ok,endianness,ts_unit,first_ts_epoch,first_ts_utc,year,split,group,protocol_family,notes
Bluetooth/attacks/pcap/test/Bluetooth_Benign_test.pcap,3782333,1,little,us,1694693263.347583055,2023-09-14T12:07:43.347583Z,2023,test,attacks,Bluetooth,
Bluetooth/attacks/pcap/test/Bluetooth_DoS_test.pcap,10070003,1,little,us,1695135023.616805077,2023-09-19T14:50:23.616805Z,2023,test,attacks,Bluetooth,
Bluetooth/attacks/pcap/train/Bluetooth_Benign_train.pcap,12000016,1,little,us,1693920478.732161045,2023-09-05T13:27:58.732161Z,2023,train,attacks,Bluetooth,
Bluetooth/attacks/pcap/train/Bluetooth_DoS_train.pcap,40000034,1,little,us,1693936219.406018019,2023-09-05T17:50:19.406018Z,2023,train,attacks,Bluetooth,
Bluetooth/profiling/pcap/CheckmeO2_Oximeter_Power.pcap,52128,1,little,us,1698599617.374500036,2023-10-29T17:13:37.374500Z,2023,,profiling,Bluetooth,
Bluetooth/profiling/pcap/Checkme_BP2A_Power.pcap,99317,1,little,us,1698745797.159791946,2023-10-31T09:49:57.159792Z,2023,,profiling,Bluetooth,
Bluetooth/profiling/pcap/Checkme_O2_Oximeter_Power.pcap,92774,1,little,us,1698603012.538429976,2023-10-29T18:10:12.538430Z,2023,,profiling,Bluetooth,
Bluetooth/profiling/pcap/COOSPO_HW807_Armband_Power.pcap,43376,1,little,us,1698597943.255954981,2023-10-29T16:45:43.255955Z,2023,,profiling,Bluetooth,
Bluetooth/profiling/pcap/Lookee_O2_Ring_Power.pcap,57248,1,little,us,1698744769.171145916,2023-10-31T09:32:49.171146Z,2023,,profiling,Bluetooth,
Bluetooth/profiling/pcap/Lookee_Sleep_ring_Power.pcap,68527,1,little,us,1698599093.016932964,2023-10-29T17:04:53.016933Z,2023,,profiling,Bluetooth,
Bluetooth/profiling/pcap/Powerlabs_HR_Monitor_Power.pcap,49228,1,little,us,1698598464.593631029,2023-10-29T16:54:24.593631Z,2023,,profiling,Bluetooth,
Bluetooth/profiling/pcap/Rhythm+_Power.pcap,132805,1,little,us,1698600175.877129078,2023-10-29T17:22:55.877129Z,2023,,profiling,Bluetooth,
Bluetooth/profiling/pcap/SleepU_Sleep_Oxygen_Monitor_Power.pcap,54113,1,little,us,1698745276.237438917,2023-10-31T09:41:16.237439Z,2023,,profiling,Bluetooth,
Bluetooth/profiling/pcap/Wellue_O2_Ring_Power.pcap,62589,1,little,us,1698744123.192976952,2023-10-31T09:22:03.192977Z,2023,,profiling,Bluetooth,
WiFI_and_MQTT/attacks/pcap/test/ARP_Spoofing_test.pcap,7949717,1,little,us,1694027470.782885075,2023-09-06T19:11:10.782885Z,2023,test,attacks,WiFI_and_MQTT,
WiFI_and_MQTT/attacks/pcap/test/Benign_test.pcap,98059593,1,little,us,1694694254.461693048,2023-09-14T12:24:14.461693Z,2023,test,attacks,WiFI_and_MQTT,
WiFI_and_MQTT/attacks/pcap/test/MQTT-DDoS-Connect_Flood_test.pcap,354547102,1,little,us,1693340875.767119884,2023-08-29T20:27:55.767120Z,2023,test,attacks,WiFI_and_MQTT,
WiFI_and_MQTT/attacks/pcap/test/MQTT-DDoS-Publish_Flood_test.pcap,331111229,1,little,us,1693339546.221155882,2023-08-29T20:05:46.221156Z,2023,test,attacks,WiFI_and_MQTT,
WiFI_and_MQTT/attacks/pcap/test/MQTT-DoS-Connect_Flood_test.pcap,27166717,1,little,us,1693247578.319242001,2023-08-28T18:32:58.319242Z,2023,test,attacks,WiFI_and_MQTT,
WiFI_and_MQTT/attacks/pcap/test/MQTT-DoS-Publish_Flood_test.pcap,236949368,1,little,us,1693330080.443891048,2023-08-29T17:28:00.443891Z,2023,test,attacks,WiFI_and_MQTT,
WiFI_and_MQTT/attacks/pcap/test/MQTT-Malformed_Data_test.pcap,8570468,1,little,us,1693233980.407346010,2023-08-28T14:46:20.407346Z,2023,test,attacks,WiFI_and_MQTT,
WiFI_and_MQTT/attacks/pcap/test/Recon-OS_Scan_test.pcap,3455426,1,little,us,1694104462.519284964,2023-09-07T16:34:22.519285Z,2023,test,attacks,WiFI_and_MQTT,
WiFI_and_MQTT/attacks/pcap/test/Recon-Ping_Sweep_test.pcap,161541,1,little,us,1694105430.736417055,2023-09-07T16:50:30.736417Z,2023,test,attacks,WiFI_and_MQTT,
WiFI_and_MQTT/attacks/pcap/test/Recon-Port_Scan_test.pcap,20947253,1,little,us,1694102611.205862999,2023-09-07T16:03:31.205863Z,2023,test,attacks,WiFI_and_MQTT,
WiFI_and_MQTT/attacks/pcap/test/Recon-VulScan_test.pcap,1216962,1,little,us,1694532806.452474117,2023-09-12T15:33:26.452474Z,2023,test,attacks,WiFI_and_MQTT,
WiFI_and_MQTT/attacks/pcap/test/TCP_IP-DDoS-ICMP1_test.pcap,1186157315,1,little,us,1694019633.795036077,2023-09-06T17:00:33.795036Z,2023,test,attacks,WiFI_and_MQTT,
WiFI_and_MQTT/attacks/pcap/test/TCP_IP-DDoS-ICMP2_test.pcap,1495000433,1,little,us,1693943378.270437956,2023-09-05T19:49:38.270438Z,2023,test,attacks,WiFI_and_MQTT,
WiFI_and_MQTT/attacks/pcap/test/TCP_IP-DDoS-SYN_test.pcap,1349298819,1,little,us,1693928609.809045076,2023-09-05T15:43:29.809045Z,2023,test,attacks,WiFI_and_MQTT,
WiFI_and_MQTT/attacks/pcap/test/TCP_IP-DDoS-TCP_test.pcap,1399714892,1,little,us,1693922574.980618000,2023-09-05T14:02:54.980618Z,2023,test,attacks,WiFI_and_MQTT,
WiFI_and_MQTT/attacks/pcap/test/TCP_IP-DDoS-UDP1_test.pcap,1576000024,1,little,us,1693937349.443722010,2023-09-05T18:09:09.443722Z,2023,test,attacks,WiFI_and_MQTT,
WiFI_and_MQTT/attacks/pcap/test/TCP_IP-DDoS-UDP2_test.pcap,1215541422,1,little,us,1693937923.616378069,2023-09-05T18:18:43.616378Z,2023,test,attacks,WiFI_and_MQTT,
WiFI_and_MQTT/attacks/pcap/test/TCP_IP-DoS-ICMP_test.pcap,773170088,1,little,us,1693591021.151103973,2023-09-01T17:57:01.151104Z,2023,test,attacks,WiFI_and_MQTT,
WiFI_and_MQTT/attacks/pcap/test/TCP_IP-DoS-SYN_test.pcap,749546727,1,little,us,1693494698.199676037,2023-08-31T15:11:38.199676Z,2023,test,attacks,WiFI_and_MQTT,
WiFI_and_MQTT/attacks/pcap/test/TCP_IP-DoS-TCP_test.pcap,647511014,1,little,us,1693419578.769855022,2023-08-30T18:19:38.769855Z,2023,test,attacks,WiFI_and_MQTT,
WiFI_and_MQTT/attacks/pcap/test/TCP_IP-DoS-UDP_test.pcap,1049509322,1,little,us,1693577745.895090103,2023-09-01T14:15:45.895090Z,2023,test,attacks,WiFI_and_MQTT,
WiFI_and_MQTT/attacks/pcap/train/ARP_Spoofing_train.pcap,80000193,1,little,us,1694021280.240978003,2023-09-06T17:28:00.240978Z,2023,train,attacks,WiFI_and_MQTT,
WiFI_and_MQTT/attacks/pcap/train/Benign_train.pcap,395000451,1,little,us,1694614860.354326963,2023-09-13T14:21:00.354327Z,2023,train,attacks,WiFI_and_MQTT,
WiFI_and_MQTT/attacks/pcap/train/MQTT-DDoS-Connect_Flood_train.pcap,1474000046,1,little,us,1693340340.198348999,2023-08-29T20:19:00.198349Z,2023,train,attacks,WiFI_and_MQTT,
WiFI_and_MQTT/attacks/pcap/train/MQTT-DDoS-Publish_Flood_train.pcap,1556000060,1,little,us,1693339020.157145977,2023-08-29T19:57:00.157146Z,2023,train,attacks,WiFI_and_MQTT,
WiFI_and_MQTT/attacks/pcap/train/MQTT-DoS-Connect_Flood_train.pcap,110000019,1,little,us,1693247160.179688931,2023-08-28T18:26:00.179689Z,2023,train,attacks,WiFI_and_MQTT,
WiFI_and_MQTT/attacks/pcap/train/MQTT-DoS-Publish_Flood_train.pcap,1228000128,1,little,us,1693329540.179303885,2023-08-29T17:19:00.179304Z,2023,train,attacks,WiFI_and_MQTT,
WiFI_and_MQTT/attacks/pcap/train/MQTT-Malformed_Data_train.pcap,34000023,1,little,us,1693233540.548744917,2023-08-28T14:39:00.548745Z,2023,train,attacks,WiFI_and_MQTT,
WiFI_and_MQTT/attacks/pcap/train/Recon-OS_Scan_train.pcap,14000021,1,little,us,1694103600.101458073,2023-09-07T16:20:00.101458Z,2023,train,attacks,WiFI_and_MQTT,
WiFI_and_MQTT/attacks/pcap/train/Recon-Ping_Sweep_train.pcap,644273,1,little,us,1694105340.104079008,2023-09-07T16:49:00.104079Z,2023,train,attacks,WiFI_and_MQTT,
WiFI_and_MQTT/attacks/pcap/train/Recon-Port_Scan_train.pcap,81000046,1,little,us,1694100000.378206968,2023-09-07T15:20:00.378207Z,2023,train,attacks,WiFI_and_MQTT,
WiFI_and_MQTT/attacks/pcap/train/Recon-VulScan_train.pcap,5000071,1,little,us,1694532486.484112978,2023-09-12T15:28:06.484113Z,2023,train,attacks,WiFI_and_MQTT,
WiFI_and_MQTT/attacks/pcap/train/TCP_IP-DDoS-ICMP1_train.pcap,1495000075,1,little,us,1693938986.003698111,2023-09-05T18:36:26.003698Z,2023,train,attacks,WiFI_and_MQTT,
WiFI_and_MQTT/attacks/pcap/train/TCP_IP-DDoS-ICMP2_train.pcap,1495000031,1,little,us,1693939620.565790892,2023-09-05T18:47:00.565791Z,2023,train,attacks,WiFI_and_MQTT,
WiFI_and_MQTT/attacks/pcap/train/TCP_IP-DDoS-ICMP3_train.pcap,1495000043,1,little,us,1693939902.965086937,2023-09-05T18:51:42.965087Z,2023,train,attacks,WiFI_and_MQTT,
WiFI_and_MQTT/attacks/pcap/train/TCP_IP-DDoS-ICMP4_train.pcap,1495000009,1,little,us,1693940461.080128908,2023-09-05T19:01:01.080129Z,2023,train,attacks,WiFI_and_MQTT,
WiFI_and_MQTT/attacks/pcap/train/TCP_IP-DDoS-ICMP5_train.pcap,1495000034,1,little,us,1693940996.362122059,2023-09-05T19:09:56.362122Z,2023,train,attacks,WiFI_and_MQTT,
WiFI_and_MQTT/attacks/pcap/train/TCP_IP-DDoS-ICMP6_train.pcap,1495000034,1,little,us,1693941384.831842899,2023-09-05T19:16:24.831843Z,2023,train,attacks,WiFI_and_MQTT,
WiFI_and_MQTT/attacks/pcap/train/TCP_IP-DDoS-ICMP7_train.pcap,1495000006,1,little,us,1693942039.115174055,2023-09-05T19:27:19.115174Z,2023,train,attacks,WiFI_and_MQTT,
WiFI_and_MQTT/attacks/pcap/train/TCP_IP-DDoS-ICMP8_train.pcap,1495000072,1,little,us,1693938480.615072966,2023-09-05T18:28:00.615073Z,2023,train,attacks,WiFI_and_MQTT,
WiFI_and_MQTT/attacks/pcap/train/TCP_IP-DDoS-SYN1_train.pcap,1556000011,1,little,us,1693925885.918788910,2023-09-05T14:58:05.918789Z,2023,train,attacks,WiFI_and_MQTT,
WiFI_and_MQTT/attacks/pcap/train/TCP_IP-DDoS-SYN2_train.pcap,1556000071,1,little,us,1693926623.195081949,2023-09-05T15:10:23.195082Z,2023,train,attacks,WiFI_and_MQTT,
WiFI_and_MQTT/attacks/pcap/train/TCP_IP-DDoS-SYN3_train.pcap,1556000070,1,little,us,1693928224.850094080,2023-09-05T15:37:04.850094Z,2023,train,attacks,WiFI_and_MQTT,
WiFI_and_MQTT/attacks/pcap/train/TCP_IP-DDoS-SYN4_train.pcap,1556000060,1,little,us,1693924680.397948980,2023-09-05T14:38:00.397949Z,2023,train,attacks,WiFI_and_MQTT,
WiFI_and_MQTT/attacks/pcap/train/TCP_IP-DDoS-TCP1_train.pcap,1576000045,1,little,us,1693919962.519735098,2023-09-05T13:19:22.519735Z,2023,train,attacks,WiFI_and_MQTT,
WiFI_and_MQTT/attacks/pcap/train/TCP_IP-DDoS-TCP2_train.pcap,1576001283,1,little,us,1693920322.932090998,2023-09-05T13:25:22.932091Z,2023,train,attacks,WiFI_and_MQTT,
WiFI_and_MQTT/attacks/pcap/train/TCP_IP-DDoS-TCP3_train.pcap,1576000036,1,little,us,1693921985.480988979,2023-09-05T13:53:05.480989Z,2023,train,attacks,WiFI_and_MQTT,
WiFI_and_MQTT/attacks/pcap/train/TCP_IP-DDoS-TCP4_train.pcap,1576000070,1,little,us,1693919100.380848885,2023-09-05T13:05:00.380849Z,2023,train,attacks,WiFI_and_MQTT,
WiFI_and_MQTT/attacks/pcap/train/TCP_IP-DDoS-UDP1_train.pcap,1576000011,1,little,us,1693931700.446391106,2023-09-05T16:35:00.446391Z,2023,train,attacks,WiFI_and_MQTT,
WiFI_and_MQTT/attacks/pcap/train/TCP_IP-DDoS-UDP2_train.pcap,1576000014,1,little,us,1693932053.728080988,2023-09-05T16:40:53.728081Z,2023,train,attacks,WiFI_and_MQTT,
WiFI_and_MQTT/attacks/pcap/train/TCP_IP-DDoS-UDP3_train.pcap,1576000001,1,little,us,1693932518.845925093,2023-09-05T16:48:38.845925Z,2023,train,attacks,WiFI_and_MQTT,
WiFI_and_MQTT/attacks/pcap/train/TCP_IP-DDoS-UDP4_train.pcap,1576000023,1,little,us,1693932857.131983042,2023-09-05T16:54:17.131983Z,2023,train,attacks,WiFI_and_MQTT,
WiFI_and_MQTT/attacks/pcap/train/TCP_IP-DDoS-UDP5_train.pcap,1576000022,1,little,us,1693933406.814805984,2023-09-05T17:03:26.814806Z,2023,train,attacks,WiFI_and_MQTT,
WiFI_and_MQTT/attacks/pcap/train/TCP_IP-DDoS-UDP6_train.pcap,1576000006,1,little,us,1693934814.469084978,2023-09-05T17:26:54.469085Z,2023,train,attacks,WiFI_and_MQTT,
WiFI_and_MQTT/attacks/pcap/train/TCP_IP-DDoS-UDP7_train.pcap,1576000030,1,little,us,1693935170.419281960,2023-09-05T17:32:50.419282Z,2023,train,attacks,WiFI_and_MQTT,
WiFI_and_MQTT/attacks/pcap/train/TCP_IP-DDoS-UDP8_train.pcap,1576000061,1,little,us,1693937023.368803024,2023-09-05T18:03:43.368803Z,2023,train,attacks,WiFI_and_MQTT,
WiFI_and_MQTT/attacks/pcap/train/TCP_IP-DoS-ICMP1_train.pcap,839000042,1,little,us,1693586113.070542097,2023-09-01T16:35:13.070542Z,2023,train,attacks,WiFI_and_MQTT,
WiFI_and_MQTT/attacks/pcap/train/TCP_IP-DoS-ICMP2_train.pcap,839000014,1,little,us,1693586509.312561035,2023-09-01T16:41:49.312561Z,2023,train,attacks,WiFI_and_MQTT,
WiFI_and_MQTT/attacks/pcap/train/TCP_IP-DoS-ICMP3_train.pcap,839000053,1,little,us,1693590541.416608095,2023-09-01T17:49:01.416608Z,2023,train,attacks,WiFI_and_MQTT,
WiFI_and_MQTT/attacks/pcap/train/TCP_IP-DoS-ICMP4_train.pcap,839000003,1,little,us,1693585020.358642101,2023-09-01T16:17:00.358642Z,2023,train,attacks,WiFI_and_MQTT,
WiFI_and_MQTT/attacks/pcap/train/TCP_IP-DoS-SYN1_train.pcap,901000069,1,little,us,1693492107.120031118,2023-08-31T14:28:27.120031Z,2023,train,attacks,WiFI_and_MQTT,
WiFI_and_MQTT/attacks/pcap/train/TCP_IP-DoS-SYN2_train.pcap,901000021,1,little,us,1693492572.037444115,2023-08-31T14:36:12.037444Z,2023,train,attacks,WiFI_and_MQTT,
WiFI_and_MQTT/attacks/pcap/train/TCP_IP-DoS-SYN3_train.pcap,901000027,1,little,us,1693493339.407919884,2023-08-31T14:48:59.407920Z,2023,train,attacks,WiFI_and_MQTT,
WiFI_and_MQTT/attacks/pcap/train/TCP_IP-DoS-SYN4_train.pcap,901000009,1,little,us,1693490280.512922049,2023-08-31T13:58:00.512922Z,2023,train,attacks,WiFI_and_MQTT,
WiFI_and_MQTT/attacks/pcap/train/TCP_IP-DoS-TCP1_train.pcap,757000067,1,little,us,1693411680.431924105,2023-08-30T16:08:00.431924Z,2023,train,attacks,WiFI_and_MQTT,
WiFI_and_MQTT/attacks/pcap/train/TCP_IP-DoS-TCP2_train.pcap,757000002,1,little,us,1693415111.172846079,2023-08-30T17:05:11.172846Z,2023,train,attacks,WiFI_and_MQTT,
WiFI_and_MQTT/attacks/pcap/train/TCP_IP-DoS-TCP3_train.pcap,757000013,1,little,us,1693417771.353282928,2023-08-30T17:49:31.353283Z,2023,train,attacks,WiFI_and_MQTT,
WiFI_and_MQTT/attacks/pcap/train/TCP_IP-DoS-TCP4_train.pcap,757000028,1,little,us,1693418292.871304989,2023-08-30T17:58:12.871305Z,2023,train,attacks,WiFI_and_MQTT,
WiFI_and_MQTT/attacks/pcap/train/TCP_IP-DoS-UDP1_train.pcap,1146000031,1,little,us,1693505156.317483902,2023-08-31T18:05:56.317484Z,2023,train,attacks,WiFI_and_MQTT,
WiFI_and_MQTT/attacks/pcap/train/TCP_IP-DoS-UDP2_train.pcap,1146000038,1,little,us,1693506531.135878086,2023-08-31T18:28:51.135878Z,2023,train,attacks,WiFI_and_MQTT,
WiFI_and_MQTT/attacks/pcap/train/TCP_IP-DoS-UDP3_train.pcap,1146000043,1,little,us,1693577128.773334980,2023-09-01T14:05:28.773335Z,2023,train,attacks,WiFI_and_MQTT,
WiFI_and_MQTT/attacks/pcap/train/TCP_IP-DoS-UDP4_train.pcap,1146000076,1,little,us,1693501380.335660934,2023-08-31T17:03:00.335661Z,2023,train,attacks,WiFI_and_MQTT,
WiFI_and_MQTT/profiling/PCAP/Active/Active.pcap,406062940,1,little,us,1699286928.099553108,2023-11-06T16:08:48.099553Z,2023,,profiling,WiFI_and_MQTT,
WiFI_and_MQTT/profiling/PCAP/Broker/ActiveBroker.pcap,189852749,1,little,us,1699286919.982064009,2023-11-06T16:08:39.982064Z,2023,,profiling,WiFI_and_MQTT,
WiFI_and_MQTT/profiling/PCAP/Idle/Idle.pcap,73715235,1,little,us,1698872400.205631971,2023-11-01T21:00:00.205632Z,2023,,profiling,WiFI_and_MQTT,
WiFI_and_MQTT/profiling/PCAP/Interactions/Blink_Camera/Blink_Camera_LAN_MIC.pcap,16322063,1,little,us,1701097889.535907030,2023-11-27T15:11:29.535907Z,2023,,profiling,WiFI_and_MQTT,
WiFI_and_MQTT/profiling/PCAP/Interactions/Blink_Camera/Blink_Camera_LAN_WATCH.pcap,13989031,1,little,us,1701096470.826134920,2023-11-27T14:47:50.826135Z,2023,,profiling,WiFI_and_MQTT,
WiFI_and_MQTT/profiling/PCAP/Interactions/Blink_Camera/Blink_Camera_WAN_MIC.pcap,16346146,1,little,us,1701097506.844810009,2023-11-27T15:05:06.844810Z,2023,,profiling,WiFI_and_MQTT,
WiFI_and_MQTT/profiling/PCAP/Interactions/Blink_Camera/Blink_Camera_WAN_WATCH.pcap,11186820,1,little,us,1701097105.152292967,2023-11-27T14:58:25.152293Z,2023,,profiling,WiFI_and_MQTT,
WiFI_and_MQTT/profiling/PCAP/Interactions/Ecobee_Camera/Ecobee_Camera_LAN_MIC.pcap,15712140,1,little,us,1701176125.716125965,2023-11-28T12:55:25.716126Z,2023,,profiling,WiFI_and_MQTT,
WiFI_and_MQTT/profiling/PCAP/Interactions/Ecobee_Camera/Ecobee_Camera_LAN_WATCH.pcap,11744319,1,little,us,1701094819.549751043,2023-11-27T14:20:19.549751Z,2023,,profiling,WiFI_and_MQTT,
WiFI_and_MQTT/profiling/PCAP/Interactions/Ecobee_Camera/Ecobee_Camera_WAN_MIC.pcap,14783351,1,little,us,1701176570.088180065,2023-11-28T13:02:50.088180Z,2023,,profiling,WiFI_and_MQTT,
WiFI_and_MQTT/profiling/PCAP/Interactions/Ecobee_Camera/Ecobee_Camera_WAN_WATCH.pcap,10812301,1,little,us,1701095997.008527040,2023-11-27T14:39:57.008527Z,2023,,profiling,WiFI_and_MQTT,
WiFI_and_MQTT/profiling/PCAP/Interactions/M1T_Camera/M1T_Camera_LAN_MIC.pcap,7351612,1,little,us,1701099387.003638983,2023-11-27T15:36:27.003639Z,2023,,profiling,WiFI_and_MQTT,
WiFI_and_MQTT/profiling/PCAP/Interactions/M1T_Camera/M1T_Camera_LAN_PHOTO.pcap,971116,1,little,us,1701098711.521506071,2023-11-27T15:25:11.521506Z,2023,,profiling,WiFI_and_MQTT,
WiFI_and_MQTT/profiling/PCAP/Interactions/M1T_Camera/M1T_Camera_LAN_PRECORDING.pcap,4589034,1,little,us,1701099001.653522968,2023-11-27T15:30:01.653523Z,2023,,profiling,WiFI_and_MQTT,
WiFI_and_MQTT/profiling/PCAP/Interactions/M1T_Camera/M1T_Camera_LAN_WATCH.pcap,3927885,1,little,us,1701104510.235651970,2023-11-27T17:01:50.235652Z,2023,,profiling,WiFI_and_MQTT,
WiFI_and_MQTT/profiling/PCAP/Interactions/M1T_Camera/M1T_Camera_WAN_MIC.pcap,7757592,1,little,us,1701100887.685035944,2023-11-27T16:01:27.685036Z,2023,,profiling,WiFI_and_MQTT,
WiFI_and_MQTT/profiling/PCAP/Interactions/M1T_Camera/M1T_Camera_WAN_PHOTO.pcap,1512190,1,little,us,1701100306.784698009,2023-11-27T15:51:46.784698Z,2023,,profiling,WiFI_and_MQTT,
WiFI_and_MQTT/profiling/PCAP/Interactions/M1T_Camera/M1T_Camera_WAN_RECORDING.pcap,6376820,1,little,us,1701100494.936480045,2023-11-27T15:54:54.936480Z,2023,,profiling,WiFI_and_MQTT,
WiFI_and_MQTT/profiling/PCAP/Interactions/M1T_Camera/M1T_Camera_WAN_WATCH.pcap,6000664,1,little,us,1701099896.673055887,2023-11-27T15:44:56.673056Z,2023,,profiling,WiFI_and_MQTT,
WiFI_and_MQTT/profiling/PCAP/Interactions/Multifunctional_Pager/Multifunctional_Pager_LAN_APP.pcap,64467,1,little,us,1701178875.649799109,2023-11-28T13:41:15.649799Z,2023,,profiling,WiFI_and_MQTT,
WiFI_and_MQTT/profiling/PCAP/Interactions/Multifunctional_Pager/Multifunctional_Pager_LAN_PHYSICAL.pcap,30087,1,little,us,1701179414.818274021,2023-11-28T13:50:14.818274Z,2023,,profiling,WiFI_and_MQTT,
WiFI_and_MQTT/profiling/PCAP/Interactions/Multifunctional_Pager/Multifunctional_Pager_WAN_APP.pcap,36499,1,little,us,1701178280.712882042,2023-11-28T13:31:20.712882Z,2023,,profiling,WiFI_and_MQTT,
WiFI_and_MQTT/profiling/PCAP/Interactions/Multifunctional_Pager/Multifunctional_Pager_WAN_PHYSICAL.pcap,17045,1,little,us,1701177847.660362959,2023-11-28T13:24:07.660363Z,2023,,profiling,WiFI_and_MQTT,
WiFI_and_MQTT/profiling/PCAP/Interactions/Owltron_Camera/Owltron_Camera_LAN_MIC.pcap,29541025,1,little,us,1701102180.370342016,2023-11-27T16:23:00.370342Z,2023,,profiling,WiFI_and_MQTT,
WiFI_and_MQTT/profiling/PCAP/Interactions/Owltron_Camera/Owltron_Camera_LAN_PHOTO.pcap,6526724,1,little,us,1701101670.416117907,2023-11-27T16:14:30.416118Z,2023,,profiling,WiFI_and_MQTT,
WiFI_and_MQTT/profiling/PCAP/Interactions/Owltron_Camera/Owltron_Camera_LAN_RECORDING.pcap,28517721,1,little,us,1701101839.478612900,2023-11-27T16:17:19.478613Z,2023,,profiling,WiFI_and_MQTT,
WiFI_and_MQTT/profiling/PCAP/Interactions/Owltron_Camera/Owltron_Camera_LAN_WATCH.pcap,22179270,1,little,us,1701101343.533416986,2023-11-27T16:09:03.533417Z,2023,,profiling,WiFI_and_MQTT,
WiFI_and_MQTT/profiling/PCAP/Interactions/Owltron_Camera/Owltron_Camera_WAN_MIC.pcap,28442798,1,little,us,1701102518.727024078,2023-11-27T16:28:38.727024Z,2023,,profiling,WiFI_and_MQTT,
WiFI_and_MQTT/profiling/PCAP/Interactions/Owltron_Camera/Owltron_Camera_WAN_PHOTO.pcap,4429983,1,little,us,1701103259.924823999,2023-11-27T16:40:59.924824Z,2023,,profiling,WiFI_and_MQTT,
WiFI_and_MQTT/profiling/PCAP/Interactions/Owltron_Camera/Owltron_Camera_WAN_RECORDING.pcap,32364662,1,little,us,1701103604.931814909,2023-11-27T16:46:44.931815Z,2023,,profiling,WiFI_and_MQTT,
WiFI_and_MQTT/profiling/PCAP/Interactions/Owltron_Camera/Owltron_Camera_WAN_WATCH.pcap,26913944,1,little,us,1701102944.257210970,2023-11-27T16:35:44.257211Z,2023,,profiling,WiFI_and_MQTT,
WiFI_and_MQTT/profiling/PCAP/Interactions/SenseU/SenseU_LAN_EMERGENCY.pcap,36196,1,little,us,1701182299.956234932,2023-11-28T14:38:19.956235Z,2023,,profiling,WiFI_and_MQTT,
WiFI_and_MQTT/profiling/PCAP/Interactions/SenseU/SenseU_WAN_EMERGENCY.pcap,23374,1,little,us,1701183051.629512072,2023-11-28T14:50:51.629512Z,2023,,profiling,WiFI_and_MQTT,
WiFI_and_MQTT/profiling/PCAP/Interactions/Singcall/Singcall_LAN_PHYSICAL.pcap,62272,1,little,us,1701177126.008265018,2023-11-28T13:12:06.008265Z,2023,,profiling,WiFI_and_MQTT,
WiFI_and_MQTT/profiling/PCAP/Interactions/Singcall/Singcall_WAN_PHYSICAL.pcap,51650,1,little,us,1701177462.732678890,2023-11-28T13:17:42.732679Z,2023,,profiling,WiFI_and_MQTT,
WiFI_and_MQTT/profiling/PCAP/Power/Blink_Mini_Camera_Power.pcap,93973,1,little,us,1698250880.852572918,2023-10-25T16:21:20.852573Z,2023,,profiling,WiFI_and_MQTT,
WiFI_and_MQTT/profiling/PCAP/Power/Ecobee_Camera_Power.pcap,1362348,1,little,us,1698248525.918281078,2023-10-25T15:42:05.918281Z,2023,,profiling,WiFI_and_MQTT,
WiFI_and_MQTT/profiling/PCAP/Power/M1T_Camera_Power.pcap,124866,1,little,us,1698253017.647910118,2023-10-25T16:56:57.647910Z,2023,,profiling,WiFI_and_MQTT,
WiFI_and_MQTT/profiling/PCAP/Power/Multifunctional_Pager_Power.pcap,118002,1,little,us,1698158876.433331966,2023-10-24T14:47:56.433332Z,2023,,profiling,WiFI_and_MQTT,
WiFI_and_MQTT/profiling/PCAP/Power/Owltron_Camera_Power.pcap,270071,1,little,us,1698326115.015475035,2023-10-26T13:15:15.015475Z,2023,,profiling,WiFI_and_MQTT,
WiFI_and_MQTT/profiling/PCAP/Power/SenseUBaby_Power.pcap,43472,1,little,us,1698329529.796184063,2023-10-26T14:12:09.796184Z,2023,,profiling,WiFI_and_MQTT,
WiFI_and_MQTT/profiling/PCAP/Power/Singcall_Power.pcap,79525,1,little,us,1698156837.806389093,2023-10-24T14:13:57.806389Z,2023,,profiling,WiFI_and_MQTT,
